BSSID,Strength,Security,Location
MEO39044,-62,WPA2,"-7.181609862824494, 41.82361787243469"
MEO69067,-90,3DES,"-7.543638856450055, 40.51931233504469"
VODAFONE11197,-46,WPA,"-6.788055278185961, 41.550032890491575"